{
  "ListHoliday" : {
    "transaction" : "ListHoliday",
    "sampleCount" : 633,
    "errorCount" : 105,
    "errorPct" : 16.587677,
    "meanResTime" : 33978.55608214853,
    "medianResTime" : 33151.0,
    "minResTime" : 261.0,
    "maxResTime" : 82216.0,
    "pct1ResTime" : 59999.0,
    "pct2ResTime" : 60002.0,
    "pct3ResTime" : 71826.2799999999,
    "throughput" : 0.7546917864973359,
    "receivedKBytesPerSec" : 60.0870172930827,
    "sentKBytesPerSec" : 0.374474722445106
  },
  "Total" : {
    "transaction" : "Total",
    "sampleCount" : 3699,
    "errorCount" : 543,
    "errorPct" : 14.679643,
    "meanResTime" : 35032.274398486166,
    "medianResTime" : 34017.0,
    "minResTime" : 238.0,
    "maxResTime" : 91593.0,
    "pct1ResTime" : 59999.0,
    "pct2ResTime" : 60003.0,
    "pct3ResTime" : 68456.0,
    "throughput" : 4.380599356943646,
    "receivedKBytesPerSec" : 13997.093606916631,
    "sentKBytesPerSec" : 2.2668825885534787
  },
  "HolidayRegister" : {
    "transaction" : "HolidayRegister",
    "sampleCount" : 667,
    "errorCount" : 115,
    "errorPct" : 17.241379,
    "meanResTime" : 34468.92053973017,
    "medianResTime" : 32906.0,
    "minResTime" : 238.0,
    "maxResTime" : 91415.0,
    "pct1ResTime" : 60000.0,
    "pct2ResTime" : 60008.0,
    "pct3ResTime" : 68517.44,
    "throughput" : 0.7938066420312881,
    "receivedKBytesPerSec" : 32.88318166806505,
    "sentKBytesPerSec" : 0.65544648648327
  },
  "Logout" : {
    "transaction" : "Logout",
    "sampleCount" : 537,
    "errorCount" : 86,
    "errorPct" : 16.014898,
    "meanResTime" : 35931.37430167597,
    "medianResTime" : 33727.0,
    "minResTime" : 633.0,
    "maxResTime" : 76277.0,
    "pct1ResTime" : 59999.0,
    "pct2ResTime" : 60009.0,
    "pct3ResTime" : 69773.16,
    "throughput" : 0.6481499362712911,
    "receivedKBytesPerSec" : 31.86455007214742,
    "sentKBytesPerSec" : 0.3301499593548434
  },
  "Login" : {
    "transaction" : "Login",
    "sampleCount" : 693,
    "errorCount" : 61,
    "errorPct" : 8.802309,
    "meanResTime" : 32443.474747474775,
    "medianResTime" : 31948.0,
    "minResTime" : 301.0,
    "maxResTime" : 82419.0,
    "pct1ResTime" : 59998.0,
    "pct2ResTime" : 60003.0,
    "pct3ResTime" : 68143.58,
    "throughput" : 0.828202382545844,
    "receivedKBytesPerSec" : 1.2257811211535796,
    "sentKBytesPerSec" : 0.23175199499074997
  },
  "ListHolidayAdmin" : {
    "transaction" : "ListHolidayAdmin",
    "sampleCount" : 599,
    "errorCount" : 90,
    "errorPct" : 15.025042,
    "meanResTime" : 36668.18530884811,
    "medianResTime" : 35851.0,
    "minResTime" : 3470.0,
    "maxResTime" : 91593.0,
    "pct1ResTime" : 59998.0,
    "pct2ResTime" : 60004.0,
    "pct3ResTime" : 73954.0,
    "throughput" : 0.7109800723799079,
    "receivedKBytesPerSec" : 7120.729749660682,
    "sentKBytesPerSec" : 0.353580955659888
  },
  "SearchHoliday" : {
    "transaction" : "SearchHoliday",
    "sampleCount" : 570,
    "errorCount" : 86,
    "errorPct" : 15.087719,
    "meanResTime" : 37442.926315789424,
    "medianResTime" : 36486.5,
    "minResTime" : 3537.0,
    "maxResTime" : 84628.0,
    "pct1ResTime" : 59999.0,
    "pct2ResTime" : 60464.19999999994,
    "pct3ResTime" : 68064.03999999998,
    "throughput" : 0.6785795068988917,
    "receivedKBytesPerSec" : 6803.121314595263,
    "sentKBytesPerSec" : 0.33808647461576924
  }
}