{
  "ListHoliday" : {
    "transaction" : "ListHoliday",
    "sampleCount" : 858,
    "errorCount" : 422,
    "errorPct" : 49.18415,
    "meanResTime" : 43467.65501165498,
    "medianResTime" : 42055.0,
    "minResTime" : 268.0,
    "maxResTime" : 91565.0,
    "pct1ResTime" : 60010.0,
    "pct2ResTime" : 67145.7,
    "pct3ResTime" : 82038.50999999998,
    "throughput" : 1.0147373450544563,
    "receivedKBytesPerSec" : 128.52796296023897,
    "sentKBytesPerSec" : 0.44126577470110784
  },
  "Total" : {
    "transaction" : "Total",
    "sampleCount" : 4999,
    "errorCount" : 2307,
    "errorPct" : 46.14923,
    "meanResTime" : 43390.504300860026,
    "medianResTime" : 42340.0,
    "minResTime" : 235.0,
    "maxResTime" : 91618.0,
    "pct1ResTime" : 60011.0,
    "pct2ResTime" : 67103.0,
    "pct3ResTime" : 87041.0,
    "throughput" : 5.896681273702028,
    "receivedKBytesPerSec" : 13908.153717744231,
    "sentKBytesPerSec" : 2.757742969749872
  },
  "HolidayRegister" : {
    "transaction" : "HolidayRegister",
    "sampleCount" : 917,
    "errorCount" : 420,
    "errorPct" : 45.801525,
    "meanResTime" : 42407.32497273718,
    "medianResTime" : 41033.0,
    "minResTime" : 235.0,
    "maxResTime" : 91576.0,
    "pct1ResTime" : 60013.2,
    "pct2ResTime" : 67244.2,
    "pct3ResTime" : 91392.74,
    "throughput" : 1.0852199434312833,
    "receivedKBytesPerSec" : 88.48232833191813,
    "sentKBytesPerSec" : 0.8291240872673049
  },
  "Logout" : {
    "transaction" : "Logout",
    "sampleCount" : 706,
    "errorCount" : 410,
    "errorPct" : 58.073654,
    "meanResTime" : 45696.311614730905,
    "medianResTime" : 47163.0,
    "minResTime" : 3080.0,
    "maxResTime" : 91618.0,
    "pct1ResTime" : 60019.3,
    "pct2ResTime" : 70520.65,
    "pct3ResTime" : 91426.88,
    "throughput" : 0.8489515568520972,
    "receivedKBytesPerSec" : 99.55196945149733,
    "sentKBytesPerSec" : 0.38219166283876893
  },
  "Login" : {
    "transaction" : "Login",
    "sampleCount" : 966,
    "errorCount" : 280,
    "errorPct" : 28.985508,
    "meanResTime" : 39661.11594202898,
    "medianResTime" : 36699.5,
    "minResTime" : 303.0,
    "maxResTime" : 91570.0,
    "pct1ResTime" : 60006.0,
    "pct2ResTime" : 64606.299999999996,
    "pct3ResTime" : 75414.66,
    "throughput" : 1.1416685379315235,
    "receivedKBytesPerSec" : 1.3969738507971587,
    "sentKBytesPerSec" : 0.3195188590257998
  },
  "ListHolidayAdmin" : {
    "transaction" : "ListHolidayAdmin",
    "sampleCount" : 794,
    "errorCount" : 363,
    "errorPct" : 45.717884,
    "meanResTime" : 44000.3350125945,
    "medianResTime" : 43596.5,
    "minResTime" : 4494.0,
    "maxResTime" : 91595.0,
    "pct1ResTime" : 60002.0,
    "pct2ResTime" : 63433.0,
    "pct3ResTime" : 77418.89999999989,
    "throughput" : 0.9402224561594636,
    "receivedKBytesPerSec" : 7546.307376031847,
    "sentKBytesPerSec" : 0.4081995887118834
  },
  "SearchHoliday" : {
    "transaction" : "SearchHoliday",
    "sampleCount" : 758,
    "errorCount" : 412,
    "errorPct" : 54.35356,
    "meanResTime" : 46458.926121371995,
    "medianResTime" : 47723.0,
    "minResTime" : 4999.0,
    "maxResTime" : 91552.0,
    "pct1ResTime" : 60030.2,
    "pct2ResTime" : 67271.25,
    "pct3ResTime" : 91401.4,
    "throughput" : 0.899846385063025,
    "receivedKBytesPerSec" : 6114.586553120912,
    "sentKBytesPerSec" : 0.3932990621802162
  }
}