{
  "ListHoliday" : {
    "transaction" : "ListHoliday",
    "sampleCount" : 743,
    "errorCount" : 263,
    "errorPct" : 35.397038,
    "meanResTime" : 40005.3768506057,
    "medianResTime" : 36591.0,
    "minResTime" : 266.0,
    "maxResTime" : 91592.0,
    "pct1ResTime" : 60005.0,
    "pct2ResTime" : 64803.99999999999,
    "pct3ResTime" : 75656.91999999995,
    "throughput" : 0.883750527811974,
    "receivedKBytesPerSec" : 100.59651348596763,
    "sentKBytesPerSec" : 0.41017169872195164
  },
  "Total" : {
    "transaction" : "Total",
    "sampleCount" : 4372,
    "errorCount" : 1533,
    "errorPct" : 35.064045,
    "meanResTime" : 41268.05489478504,
    "medianResTime" : 38464.5,
    "minResTime" : 235.0,
    "maxResTime" : 91624.0,
    "pct1ResTime" : 60004.0,
    "pct2ResTime" : 64914.49999999999,
    "pct3ResTime" : 75681.83999999982,
    "throughput" : 5.174534001967081,
    "receivedKBytesPerSec" : 13936.947847422112,
    "sentKBytesPerSec" : 2.5405174493317015
  },
  "HolidayRegister" : {
    "transaction" : "HolidayRegister",
    "sampleCount" : 798,
    "errorCount" : 306,
    "errorPct" : 38.345863,
    "meanResTime" : 40731.898496240596,
    "medianResTime" : 37604.5,
    "minResTime" : 235.0,
    "maxResTime" : 91586.0,
    "pct1ResTime" : 60004.0,
    "pct2ResTime" : 65765.4,
    "pct3ResTime" : 78794.2799999999,
    "throughput" : 0.9488241358031297,
    "receivedKBytesPerSec" : 72.26936850061412,
    "sentKBytesPerSec" : 0.7511361849481772
  },
  "Logout" : {
    "transaction" : "Logout",
    "sampleCount" : 630,
    "errorCount" : 272,
    "errorPct" : 43.174603,
    "meanResTime" : 43263.48571428568,
    "medianResTime" : 40237.5,
    "minResTime" : 1769.0,
    "maxResTime" : 91604.0,
    "pct1ResTime" : 60005.9,
    "pct2ResTime" : 66182.59999999999,
    "pct3ResTime" : 77004.47999999986,
    "throughput" : 0.7577935457641145,
    "receivedKBytesPerSec" : 68.81379270332022,
    "sentKBytesPerSec" : 0.3628733016553579
  },
  "Login" : {
    "transaction" : "Login",
    "sampleCount" : 839,
    "errorCount" : 167,
    "errorPct" : 19.904648,
    "meanResTime" : 38063.73659118004,
    "medianResTime" : 35697.0,
    "minResTime" : 303.0,
    "maxResTime" : 91601.0,
    "pct1ResTime" : 60003.0,
    "pct2ResTime" : 63579.0,
    "pct3ResTime" : 75370.2,
    "throughput" : 0.9974214456310206,
    "receivedKBytesPerSec" : 1.335621496319408,
    "sentKBytesPerSec" : 0.27917458657237726
  },
  "ListHolidayAdmin" : {
    "transaction" : "ListHolidayAdmin",
    "sampleCount" : 703,
    "errorCount" : 239,
    "errorPct" : 33.997154,
    "meanResTime" : 41811.27738264579,
    "medianResTime" : 39301.0,
    "minResTime" : 4123.0,
    "maxResTime" : 91580.0,
    "pct1ResTime" : 60003.0,
    "pct2ResTime" : 62984.79999999999,
    "pct3ResTime" : 81207.6000000001,
    "throughput" : 0.8329186512167959,
    "receivedKBytesPerSec" : 7590.571637446387,
    "sentKBytesPerSec" : 0.3867952070152366
  },
  "SearchHoliday" : {
    "transaction" : "SearchHoliday",
    "sampleCount" : 659,
    "errorCount" : 286,
    "errorPct" : 43.39909,
    "meanResTime" : 44933.364188163876,
    "medianResTime" : 42511.0,
    "minResTime" : 4665.0,
    "maxResTime" : 91624.0,
    "pct1ResTime" : 60010.0,
    "pct2ResTime" : 67459.0,
    "pct3ResTime" : 83305.39999999986,
    "throughput" : 0.7882539397745283,
    "receivedKBytesPerSec" : 6178.214075956535,
    "sentKBytesPerSec" : 0.3671473172901528
  }
}