{
  "ListHoliday" : {
    "transaction" : "ListHoliday",
    "sampleCount" : 715,
    "errorCount" : 199,
    "errorPct" : 27.832169,
    "meanResTime" : 37775.37482517483,
    "medianResTime" : 33735.0,
    "minResTime" : 264.0,
    "maxResTime" : 91597.0,
    "pct1ResTime" : 60001.0,
    "pct2ResTime" : 60026.6,
    "pct3ResTime" : 74769.40000000004,
    "throughput" : 0.8415348654368096,
    "receivedKBytesPerSec" : 82.21188299458122,
    "sentKBytesPerSec" : 0.4036576643523477
  },
  "Total" : {
    "transaction" : "Total",
    "sampleCount" : 4125,
    "errorCount" : 1097,
    "errorPct" : 26.593939,
    "meanResTime" : 38627.23951515132,
    "medianResTime" : 35512.0,
    "minResTime" : 238.0,
    "maxResTime" : 91644.0,
    "pct1ResTime" : 60002.0,
    "pct2ResTime" : 60753.69999999999,
    "pct3ResTime" : 76574.95999999998,
    "throughput" : 4.842822526110151,
    "receivedKBytesPerSec" : 14105.79983900917,
    "sentKBytesPerSec" : 2.4366883961422956
  },
  "HolidayRegister" : {
    "transaction" : "HolidayRegister",
    "sampleCount" : 750,
    "errorCount" : 226,
    "errorPct" : 30.133333,
    "meanResTime" : 37418.79733333332,
    "medianResTime" : 33741.0,
    "minResTime" : 238.0,
    "maxResTime" : 91549.0,
    "pct1ResTime" : 60002.0,
    "pct2ResTime" : 60009.0,
    "pct3ResTime" : 71652.00000000003,
    "throughput" : 0.8859111773641426,
    "receivedKBytesPerSec" : 49.82150020235688,
    "sentKBytesPerSec" : 0.7171381768952002
  },
  "Logout" : {
    "transaction" : "Logout",
    "sampleCount" : 587,
    "errorCount" : 192,
    "errorPct" : 32.708687,
    "meanResTime" : 41357.49403747866,
    "medianResTime" : 39158.0,
    "minResTime" : 1001.0,
    "maxResTime" : 91644.0,
    "pct1ResTime" : 60004.0,
    "pct2ResTime" : 65356.200000000004,
    "pct3ResTime" : 91477.56,
    "throughput" : 0.6998259376713798,
    "receivedKBytesPerSec" : 46.02897958940366,
    "sentKBytesPerSec" : 0.34360032204511315
  },
  "Login" : {
    "transaction" : "Login",
    "sampleCount" : 779,
    "errorCount" : 110,
    "errorPct" : 14.120667,
    "meanResTime" : 35154.37612323494,
    "medianResTime" : 32560.0,
    "minResTime" : 299.0,
    "maxResTime" : 91400.0,
    "pct1ResTime" : 60000.0,
    "pct2ResTime" : 60010.0,
    "pct3ResTime" : 71807.60000000014,
    "throughput" : 0.9210933934310315,
    "receivedKBytesPerSec" : 1.3010668192510884,
    "sentKBytesPerSec" : 0.2577838913446781
  },
  "ListHolidayAdmin" : {
    "transaction" : "ListHolidayAdmin",
    "sampleCount" : 669,
    "errorCount" : 182,
    "errorPct" : 27.204782,
    "meanResTime" : 39726.33183856503,
    "medianResTime" : 36753.0,
    "minResTime" : 3798.0,
    "maxResTime" : 78481.0,
    "pct1ResTime" : 60001.0,
    "pct2ResTime" : 60976.0,
    "pct3ResTime" : 73141.19999999978,
    "throughput" : 0.7862254245793576,
    "receivedKBytesPerSec" : 7346.040988372179,
    "sentKBytesPerSec" : 0.3762624669321108
  },
  "SearchHoliday" : {
    "transaction" : "SearchHoliday",
    "sampleCount" : 625,
    "errorCount" : 188,
    "errorPct" : 30.08,
    "meanResTime" : 41639.75679999998,
    "medianResTime" : 39553.0,
    "minResTime" : 4060.0,
    "maxResTime" : 91557.0,
    "pct1ResTime" : 60001.0,
    "pct2ResTime" : 62367.599999999955,
    "pct3ResTime" : 80209.16000000002,
    "throughput" : 0.7384643014541248,
    "receivedKBytesPerSec" : 6631.398878557035,
    "sentKBytesPerSec" : 0.3533367066382624
  }
}