{
  "ListHoliday" : {
    "transaction" : "ListHoliday",
    "sampleCount" : 372,
    "errorCount" : 0,
    "errorPct" : 0.0,
    "meanResTime" : 2374.911290322581,
    "medianResTime" : 2771.5,
    "minResTime" : 236.0,
    "maxResTime" : 3634.0,
    "pct1ResTime" : 3276.5,
    "pct2ResTime" : 3345.1499999999996,
    "pct3ResTime" : 3533.54,
    "throughput" : 1.4796135503963534,
    "receivedKBytesPerSec" : 18.983879837829186,
    "sentKBytesPerSec" : 0.7744852177855913
  },
  "Total" : {
    "transaction" : "Total",
    "sampleCount" : 2211,
    "errorCount" : 0,
    "errorPct" : 0.0,
    "meanResTime" : 2752.0542740841197,
    "medianResTime" : 2962.0,
    "minResTime" : 206.0,
    "maxResTime" : 4961.0,
    "pct1ResTime" : 4195.0,
    "pct2ResTime" : 4381.0,
    "pct3ResTime" : 4583.88,
    "throughput" : 8.71972645851327,
    "receivedKBytesPerSec" : 10938.049150075623,
    "sentKBytesPerSec" : 4.705330258160694
  },
  "HolidayRegister" : {
    "transaction" : "HolidayRegister",
    "sampleCount" : 376,
    "errorCount" : 0,
    "errorPct" : 0.0,
    "meanResTime" : 2396.920212765958,
    "medianResTime" : 2843.5,
    "minResTime" : 237.0,
    "maxResTime" : 3649.0,
    "pct1ResTime" : 3326.0,
    "pct2ResTime" : 3423.45,
    "pct3ResTime" : 3562.15,
    "throughput" : 1.489386143163282,
    "receivedKBytesPerSec" : 0.7650557727577014,
    "sentKBytesPerSec" : 1.271214344848348
  },
  "Logout" : {
    "transaction" : "Logout",
    "sampleCount" : 355,
    "errorCount" : 0,
    "errorPct" : 0.0,
    "meanResTime" : 2362.5774647887297,
    "medianResTime" : 2765.0,
    "minResTime" : 206.0,
    "maxResTime" : 3547.0,
    "pct1ResTime" : 3228.8,
    "pct2ResTime" : 3321.6,
    "pct3ResTime" : 3469.3999999999996,
    "throughput" : 1.4242328199408643,
    "receivedKBytesPerSec" : 0.7121164099704321,
    "sentKBytesPerSec" : 0.7635779474097016
  },
  "Login" : {
    "transaction" : "Login",
    "sampleCount" : 381,
    "errorCount" : 0,
    "errorPct" : 0.0,
    "meanResTime" : 2406.44094488189,
    "medianResTime" : 2833.0,
    "minResTime" : 299.0,
    "maxResTime" : 3775.0,
    "pct1ResTime" : 3345.6,
    "pct2ResTime" : 3453.9,
    "pct3ResTime" : 3570.76,
    "throughput" : 1.5083195103701916,
    "receivedKBytesPerSec" : 2.4008802922319568,
    "sentKBytesPerSec" : 0.4219764144454254
  },
  "ListHolidayAdmin" : {
    "transaction" : "ListHolidayAdmin",
    "sampleCount" : 367,
    "errorCount" : 0,
    "errorPct" : 0.0,
    "meanResTime" : 3490.108991825614,
    "medianResTime" : 3954.0,
    "minResTime" : 1198.0,
    "maxResTime" : 4838.0,
    "pct1ResTime" : 4453.0,
    "pct2ResTime" : 4523.2,
    "pct3ResTime" : 4796.92,
    "throughput" : 1.4525966649647142,
    "receivedKBytesPerSec" : 5527.869460521876,
    "sentKBytesPerSec" : 0.7603435668174675
  },
  "SearchHoliday" : {
    "transaction" : "SearchHoliday",
    "sampleCount" : 360,
    "errorCount" : 0,
    "errorPct" : 0.0,
    "meanResTime" : 3510.1222222222236,
    "medianResTime" : 3988.0,
    "minResTime" : 1172.0,
    "maxResTime" : 4961.0,
    "pct1ResTime" : 4438.6,
    "pct2ResTime" : 4500.8,
    "pct3ResTime" : 4658.379999999999,
    "throughput" : 1.4325165336283257,
    "receivedKBytesPerSec" : 5455.949475409212,
    "sentKBytesPerSec" : 0.7498328730710767
  }
}