{
  "ListHoliday" : {
    "transaction" : "ListHoliday",
    "sampleCount" : 306,
    "errorCount" : 0,
    "errorPct" : 0.0,
    "meanResTime" : 8593.895424836597,
    "medianResTime" : 10239.0,
    "minResTime" : 243.0,
    "maxResTime" : 13849.0,
    "pct1ResTime" : 12415.1,
    "pct2ResTime" : 12785.65,
    "pct3ResTime" : 13463.87,
    "throughput" : 1.1743800923385133,
    "receivedKBytesPerSec" : 21.097798475080882,
    "sentKBytesPerSec" : 0.6147145795834404
  },
  "Total" : {
    "transaction" : "Total",
    "sampleCount" : 1787,
    "errorCount" : 0,
    "errorPct" : 0.0,
    "meanResTime" : 9238.207050923336,
    "medianResTime" : 10563.0,
    "minResTime" : 213.0,
    "maxResTime" : 15550.0,
    "pct1ResTime" : 13316.8,
    "pct2ResTime" : 14174.8,
    "pct3ResTime" : 14934.36,
    "throughput" : 6.792507336059966,
    "receivedKBytesPerSec" : 12214.784154163926,
    "sentKBytesPerSec" : 3.6634234158576726
  },
  "HolidayRegister" : {
    "transaction" : "HolidayRegister",
    "sampleCount" : 321,
    "errorCount" : 0,
    "errorPct" : 0.0,
    "meanResTime" : 8421.221183800626,
    "medianResTime" : 10019.0,
    "minResTime" : 239.0,
    "maxResTime" : 14050.0,
    "pct1ResTime" : 12453.6,
    "pct2ResTime" : 12863.8,
    "pct3ResTime" : 13350.759999999998,
    "throughput" : 1.231772831926324,
    "receivedKBytesPerSec" : 0.6327270601496546,
    "sentKBytesPerSec" : 1.0513373584996162
  },
  "Logout" : {
    "transaction" : "Logout",
    "sampleCount" : 262,
    "errorCount" : 0,
    "errorPct" : 0.0,
    "meanResTime" : 9179.297709923665,
    "medianResTime" : 10600.0,
    "minResTime" : 213.0,
    "maxResTime" : 14240.0,
    "pct1ResTime" : 12708.9,
    "pct2ResTime" : 13084.35,
    "pct3ResTime" : 13776.51,
    "throughput" : 1.023853440460187,
    "receivedKBytesPerSec" : 0.5119267202300936,
    "sentKBytesPerSec" : 0.5489214246217213
  },
  "Login" : {
    "transaction" : "Login",
    "sampleCount" : 332,
    "errorCount" : 0,
    "errorPct" : 0.0,
    "meanResTime" : 8291.912650602411,
    "medianResTime" : 9904.0,
    "minResTime" : 301.0,
    "maxResTime" : 14024.0,
    "pct1ResTime" : 12443.699999999999,
    "pct2ResTime" : 12911.599999999999,
    "pct3ResTime" : 13513.380000000001,
    "throughput" : 1.2768494125338923,
    "receivedKBytesPerSec" : 2.0326126016768264,
    "sentKBytesPerSec" : 0.3573073608734112
  },
  "ListHolidayAdmin" : {
    "transaction" : "ListHolidayAdmin",
    "sampleCount" : 291,
    "errorCount" : 0,
    "errorPct" : 0.0,
    "meanResTime" : 10535.024054982814,
    "medianResTime" : 12198.0,
    "minResTime" : 1873.0,
    "maxResTime" : 15531.0,
    "pct1ResTime" : 14514.8,
    "pct2ResTime" : 14771.0,
    "pct3ResTime" : 15239.72,
    "throughput" : 1.1100430284720315,
    "receivedKBytesPerSec" : 6285.993587749188,
    "sentKBytesPerSec" : 0.5810381477158291
  },
  "SearchHoliday" : {
    "transaction" : "SearchHoliday",
    "sampleCount" : 275,
    "errorCount" : 0,
    "errorPct" : 0.0,
    "meanResTime" : 10735.087272727265,
    "medianResTime" : 12228.0,
    "minResTime" : 1854.0,
    "maxResTime" : 15550.0,
    "pct1ResTime" : 14525.0,
    "pct2ResTime" : 14800.8,
    "pct3ResTime" : 15150.360000000002,
    "throughput" : 1.0637845198076676,
    "receivedKBytesPerSec" : 6031.877867080607,
    "sentKBytesPerSec" : 0.5568247095868261
  }
}