{
  "ListHoliday" : {
    "transaction" : "ListHoliday",
    "sampleCount" : 314,
    "errorCount" : 0,
    "errorPct" : 0.0,
    "meanResTime" : 4978.6592356687925,
    "medianResTime" : 5900.0,
    "minResTime" : 244.0,
    "maxResTime" : 7763.0,
    "pct1ResTime" : 6893.0,
    "pct2ResTime" : 7085.75,
    "pct3ResTime" : 7375.1,
    "throughput" : 1.2279631454627935,
    "receivedKBytesPerSec" : 19.922871009119778,
    "sentKBytesPerSec" : 0.642761958953181
  },
  "Total" : {
    "transaction" : "Total",
    "sampleCount" : 1856,
    "errorCount" : 0,
    "errorPct" : 0.0,
    "meanResTime" : 5506.709590517242,
    "medianResTime" : 6231.0,
    "minResTime" : 212.0,
    "maxResTime" : 9610.0,
    "pct1ResTime" : 8064.7,
    "pct2ResTime" : 8358.9,
    "pct3ResTime" : 8802.58,
    "throughput" : 7.204074028071047,
    "receivedKBytesPerSec" : 11921.022691159289,
    "sentKBytesPerSec" : 3.884264910803006
  },
  "HolidayRegister" : {
    "transaction" : "HolidayRegister",
    "sampleCount" : 321,
    "errorCount" : 0,
    "errorPct" : 0.0,
    "meanResTime" : 4907.295950155759,
    "medianResTime" : 5883.0,
    "minResTime" : 240.0,
    "maxResTime" : 7875.0,
    "pct1ResTime" : 6844.400000000001,
    "pct2ResTime" : 7016.9,
    "pct3ResTime" : 7699.4,
    "throughput" : 1.2590852216343005,
    "receivedKBytesPerSec" : 0.6467566665816816,
    "sentKBytesPerSec" : 1.0746489098714636
  },
  "Logout" : {
    "transaction" : "Logout",
    "sampleCount" : 287,
    "errorCount" : 0,
    "errorPct" : 0.0,
    "meanResTime" : 5145.393728223,
    "medianResTime" : 6066.0,
    "minResTime" : 212.0,
    "maxResTime" : 7788.0,
    "pct1ResTime" : 6912.8,
    "pct2ResTime" : 7120.4,
    "pct3ResTime" : 7412.080000000002,
    "throughput" : 1.1410986354527817,
    "receivedKBytesPerSec" : 0.5705493177263908,
    "sentKBytesPerSec" : 0.611780420765212
  },
  "Login" : {
    "transaction" : "Login",
    "sampleCount" : 330,
    "errorCount" : 0,
    "errorPct" : 0.0,
    "meanResTime" : 4922.18787878788,
    "medianResTime" : 5917.5,
    "minResTime" : 302.0,
    "maxResTime" : 8148.0,
    "pct1ResTime" : 6925.6,
    "pct2ResTime" : 7108.4,
    "pct3ResTime" : 7710.75,
    "throughput" : 1.2884585350616897,
    "receivedKBytesPerSec" : 2.0511015344369827,
    "sentKBytesPerSec" : 0.36056020493323443
  },
  "ListHolidayAdmin" : {
    "transaction" : "ListHolidayAdmin",
    "sampleCount" : 306,
    "errorCount" : 0,
    "errorPct" : 0.0,
    "meanResTime" : 6550.705882352938,
    "medianResTime" : 7567.5,
    "minResTime" : 1710.0,
    "maxResTime" : 9610.0,
    "pct1ResTime" : 8485.6,
    "pct2ResTime" : 8685.949999999999,
    "pct3ResTime" : 9287.87,
    "throughput" : 1.1939553086140364,
    "receivedKBytesPerSec" : 6054.741153762959,
    "sentKBytesPerSec" : 0.6249609818526597
  },
  "SearchHoliday" : {
    "transaction" : "SearchHoliday",
    "sampleCount" : 298,
    "errorCount" : 0,
    "errorPct" : 0.0,
    "meanResTime" : 6632.03355704698,
    "medianResTime" : 7660.5,
    "minResTime" : 1671.0,
    "maxResTime" : 9487.0,
    "pct1ResTime" : 8456.7,
    "pct2ResTime" : 8696.3,
    "pct3ResTime" : 8980.599999999999,
    "throughput" : 1.1687557849489356,
    "receivedKBytesPerSec" : 5936.075720599958,
    "sentKBytesPerSec" : 0.6117706061842084
  }
}